map_id	total_spawn_points	one_time_points	class
103000804	10	10	all-one-time
103040430	1	1	all-one-time
103040431	1	1	all-one-time
103040432	1	1	all-one-time
103040433	1	1	all-one-time
103040434	1	1	all-one-time
103040435	1	1	all-one-time
103040436	1	1	all-one-time
103040437	1	1	all-one-time
103040438	1	1	all-one-time
103040439	1	1	all-one-time
103040460	1	1	all-one-time
103040461	1	1	all-one-time
103040462	1	1	all-one-time
103040463	1	1	all-one-time
103040464	1	1	all-one-time
103040465	1	1	all-one-time
103040466	1	1	all-one-time
103040467	1	1	all-one-time
103040468	1	1	all-one-time
103040469	1	1	all-one-time
108000500	15	9	mixed
108000501	15	9	mixed
108000502	15	9	mixed
108000503	15	9	mixed
108010101	1	1	all-one-time
108010201	1	1	all-one-time
108010301	1	1	all-one-time
108010401	1	1	all-one-time
108010501	1	1	all-one-time
108010700	1	1	all-one-time
108010702	1	1	all-one-time
209080000	1	1	all-one-time
240050100	6	6	all-one-time
240050101	7	7	all-one-time
240050102	7	7	all-one-time
240050103	7	7	all-one-time
240050104	7	7	all-one-time
240050105	5	5	all-one-time
240050300	21	6	mixed
240050310	8	8	all-one-time
240070010	1	1	all-one-time
240070011	1	1	all-one-time
240070012	1	1	all-one-time
240070013	1	1	all-one-time
240070014	1	1	all-one-time
240070020	1	1	all-one-time
240070021	1	1	all-one-time
240070022	1	1	all-one-time
240070023	1	1	all-one-time
240070024	1	1	all-one-time
240070030	1	1	all-one-time
240070031	1	1	all-one-time
240070032	1	1	all-one-time
240070033	1	1	all-one-time
240070034	1	1	all-one-time
240070040	1	1	all-one-time
240070041	1	1	all-one-time
240070042	1	1	all-one-time
240070043	1	1	all-one-time
240070044	1	1	all-one-time
240070050	1	1	all-one-time
240070051	1	1	all-one-time
240070052	1	1	all-one-time
240070053	1	1	all-one-time
240070054	1	1	all-one-time
240070060	1	1	all-one-time
240070061	1	1	all-one-time
240070062	1	1	all-one-time
240070063	1	1	all-one-time
240070064	1	1	all-one-time
240070203	1	1	all-one-time
240070204	1	1	all-one-time
240070205	1	1	all-one-time
240070206	1	1	all-one-time
240070207	1	1	all-one-time
240070208	1	1	all-one-time
240070209	1	1	all-one-time
240070303	1	1	all-one-time
240070304	1	1	all-one-time
240070305	1	1	all-one-time
240070306	1	1	all-one-time
240070307	1	1	all-one-time
240070308	1	1	all-one-time
240070309	1	1	all-one-time
240070403	1	1	all-one-time
240070404	1	1	all-one-time
240070405	1	1	all-one-time
240070406	1	1	all-one-time
240070407	1	1	all-one-time
240070408	1	1	all-one-time
240070409	1	1	all-one-time
240070503	1	1	all-one-time
240070504	1	1	all-one-time
240070505	1	1	all-one-time
240070506	1	1	all-one-time
240070507	1	1	all-one-time
240070508	1	1	all-one-time
240070509	1	1	all-one-time
240070603	1	1	all-one-time
240070604	1	1	all-one-time
240070605	1	1	all-one-time
240070606	1	1	all-one-time
240070607	1	1	all-one-time
240070608	1	1	all-one-time
240070609	1	1	all-one-time
270050100	5	5	all-one-time
600020300	64	0	hidden-only
610030510	21	21	all-one-time
610030520	24	24	all-one-time
610030521	22	22	all-one-time
610030522	15	15	all-one-time
800020130	17	0	hidden-only
910300000	6	6	all-one-time
910500200	7	7	all-one-time
910520000	1	1	all-one-time
910520001	1	1	all-one-time
910520002	1	1	all-one-time
910520003	1	1	all-one-time
910520004	1	1	all-one-time
912010000	1	1	all-one-time
912010100	1	1	all-one-time
913010000	1	1	all-one-time
913010100	1	1	all-one-time
913010200	1	1	all-one-time
913010300	1	1	all-one-time
913020000	1	1	all-one-time
913020100	1	1	all-one-time
913020200	1	1	all-one-time
913020300	1	1	all-one-time
914020000	1	1	all-one-time
914030000	30	30	all-one-time
920010100	4	4	all-one-time
920010200	30	30	all-one-time
920010300	1	1	all-one-time
920010601	10	10	all-one-time
920010602	10	10	all-one-time
920010603	10	10	all-one-time
920010800	9	9	all-one-time
920010910	8	8	all-one-time
920010920	10	10	all-one-time
920010930	9	9	all-one-time
920011000	19	19	all-one-time
921100300	9	1	mixed
922010100	25	25	all-one-time
922010300	8	8	all-one-time
922010401	1	1	all-one-time
922010402	1	1	all-one-time
922010403	1	1	all-one-time
922010404	2	2	all-one-time
922010405	1	1	all-one-time
922010500	2	2	all-one-time
922010506	7	7	all-one-time
922010700	3	3	all-one-time
922010900	1	1	all-one-time
922020100	2	2	all-one-time
922210000	11	11	all-one-time
922210100	12	8	mixed
922210200	15	9	mixed
922210400	11	11	all-one-time
922210500	12	8	mixed
922210600	15	9	mixed
922210700	11	11	all-one-time
922210800	12	8	mixed
922210900	15	9	mixed
922211000	15	9	mixed
922211100	11	11	all-one-time
922211200	12	8	mixed
922211300	15	9	mixed
922211400	11	11	all-one-time
922211500	12	8	mixed
922211600	15	9	mixed
922211700	11	11	all-one-time
922211800	12	8	mixed
922211900	15	9	mixed
922212000	11	11	all-one-time
922212100	12	8	mixed
922212200	15	9	mixed
922212300	11	11	all-one-time
922212400	12	8	mixed
922212500	15	9	mixed
922212600	11	11	all-one-time
922212700	12	8	mixed
922212800	15	9	mixed
922212900	11	11	all-one-time
922213000	12	8	mixed
922241000	6	5	mixed
922241001	6	5	mixed
922241002	6	5	mixed
922241003	6	5	mixed
922241004	6	5	mixed
922241005	6	5	mixed
922241006	6	5	mixed
922241007	6	5	mixed
922241008	6	5	mixed
922241009	6	5	mixed
922241010	6	5	mixed
922241011	6	5	mixed
922241012	6	5	mixed
922241013	6	5	mixed
922241014	6	5	mixed
922241015	6	5	mixed
922241016	6	5	mixed
922241017	6	5	mixed
922241018	6	5	mixed
922241019	6	5	mixed
923010000	5	1	mixed
925010000	2	2	all-one-time
925010100	6	6	all-one-time
925010200	6	6	all-one-time
925010300	6	1	mixed
925020010	1	1	all-one-time
925020011	1	1	all-one-time
925020012	1	1	all-one-time
925020013	1	1	all-one-time
925020014	1	1	all-one-time
925040001	1	1	all-one-time
925100000	26	26	all-one-time
925100201	48	48	all-one-time
925100301	48	48	all-one-time
925100400	35	21	mixed
926000000	1	1	all-one-time
926100001	42	42	all-one-time
926100401	3	1	mixed
926110001	42	42	all-one-time
926110401	3	1	mixed
926120400	9	5	mixed
926120401	11	5	mixed
926120402	9	5	mixed
926120403	11	5	mixed
926120404	9	5	mixed
926120405	11	5	mixed
926120406	9	5	mixed
926120407	11	5	mixed
926120408	9	5	mixed
926120409	11	5	mixed
930000100	50	50	all-one-time
930000400	20	20	all-one-time
970030100	1	1	all-one-time
970030101	1	1	all-one-time
970030102	1	1	all-one-time
970030103	1	1	all-one-time
970030104	1	1	all-one-time
970030105	1	1	all-one-time
970030106	1	1	all-one-time
970030107	1	1	all-one-time
970030108	1	1	all-one-time
970030109	1	1	all-one-time
970030110	1	1	all-one-time
970030111	1	1	all-one-time
970030200	1	1	all-one-time
970030201	1	1	all-one-time
970030202	1	1	all-one-time
970030203	1	1	all-one-time
970030204	1	1	all-one-time
970030205	1	1	all-one-time
970030206	1	1	all-one-time
970030207	1	1	all-one-time
970030208	1	1	all-one-time
970030209	1	1	all-one-time
970030210	1	1	all-one-time
970030211	1	1	all-one-time
970030300	1	1	all-one-time
970030301	1	1	all-one-time
970030302	1	1	all-one-time
970030303	1	1	all-one-time
970030304	1	1	all-one-time
970030305	1	1	all-one-time
970030306	1	1	all-one-time
970030307	1	1	all-one-time
970030308	1	1	all-one-time
970030309	1	1	all-one-time
970030310	1	1	all-one-time
970030311	1	1	all-one-time
970030400	1	1	all-one-time
970030401	1	1	all-one-time
970030402	1	1	all-one-time
970030403	1	1	all-one-time
970030404	1	1	all-one-time
970030405	1	1	all-one-time
970030406	1	1	all-one-time
970030407	1	1	all-one-time
970030408	1	1	all-one-time
970030409	1	1	all-one-time
970030410	1	1	all-one-time
970030411	1	1	all-one-time
970030500	1	1	all-one-time
970030501	1	1	all-one-time
970030502	1	1	all-one-time
970030503	1	1	all-one-time
970030504	1	1	all-one-time
970030505	1	1	all-one-time
970030506	1	1	all-one-time
970030507	1	1	all-one-time
970030508	1	1	all-one-time
970030509	1	1	all-one-time
970030510	1	1	all-one-time
970030511	1	1	all-one-time
970030600	1	1	all-one-time
970030601	1	1	all-one-time
970030602	1	1	all-one-time
970030603	1	1	all-one-time
970030604	1	1	all-one-time
970030605	1	1	all-one-time
970030606	1	1	all-one-time
970030607	1	1	all-one-time
970030608	1	1	all-one-time
970030609	1	1	all-one-time
970030610	1	1	all-one-time
970030611	1	1	all-one-time
970030700	1	1	all-one-time
970030701	1	1	all-one-time
970030702	1	1	all-one-time
970030703	1	1	all-one-time
970030704	1	1	all-one-time
970030705	1	1	all-one-time
970030706	1	1	all-one-time
970030707	1	1	all-one-time
970030708	1	1	all-one-time
970030709	1	1	all-one-time
970030710	1	1	all-one-time
970030711	1	1	all-one-time
970030800	1	1	all-one-time
970030801	1	1	all-one-time
970030802	1	1	all-one-time
970030803	1	1	all-one-time
970030804	1	1	all-one-time
970030805	1	1	all-one-time
970030806	1	1	all-one-time
970030807	1	1	all-one-time
970030808	1	1	all-one-time
970030809	1	1	all-one-time
970030810	1	1	all-one-time
970030811	1	1	all-one-time
970030900	1	1	all-one-time
970030901	1	1	all-one-time
970030902	1	1	all-one-time
970030903	1	1	all-one-time
970030904	1	1	all-one-time
970030905	1	1	all-one-time
970030906	1	1	all-one-time
970030907	1	1	all-one-time
970030908	1	1	all-one-time
970030909	1	1	all-one-time
970030910	1	1	all-one-time
970030911	1	1	all-one-time
970031000	1	1	all-one-time
970031001	1	1	all-one-time
970031002	1	1	all-one-time
970031003	1	1	all-one-time
970031004	1	1	all-one-time
970031005	1	1	all-one-time
970031006	1	1	all-one-time
970031007	1	1	all-one-time
970031008	1	1	all-one-time
970031009	1	1	all-one-time
970031010	1	1	all-one-time
970031011	1	1	all-one-time
970031100	1	1	all-one-time
970031101	1	1	all-one-time
970031102	1	1	all-one-time
970031103	1	1	all-one-time
970031104	1	1	all-one-time
970031105	1	1	all-one-time
970031106	1	1	all-one-time
970031107	1	1	all-one-time
970031108	1	1	all-one-time
970031109	1	1	all-one-time
970031110	1	1	all-one-time
970031111	1	1	all-one-time
970031200	1	1	all-one-time
970031201	1	1	all-one-time
970031202	1	1	all-one-time
970031203	1	1	all-one-time
970031204	1	1	all-one-time
970031205	1	1	all-one-time
970031206	1	1	all-one-time
970031207	1	1	all-one-time
970031208	1	1	all-one-time
970031209	1	1	all-one-time
970031210	1	1	all-one-time
970031211	1	1	all-one-time
970031300	1	1	all-one-time
970031301	1	1	all-one-time
970031302	1	1	all-one-time
970031303	1	1	all-one-time
970031304	1	1	all-one-time
970031305	1	1	all-one-time
970031306	1	1	all-one-time
970031307	1	1	all-one-time
970031308	1	1	all-one-time
970031309	1	1	all-one-time
970031310	1	1	all-one-time
970031311	1	1	all-one-time
970031400	1	1	all-one-time
970031401	1	1	all-one-time
970031402	1	1	all-one-time
970031403	1	1	all-one-time
970031404	1	1	all-one-time
970031405	1	1	all-one-time
970031406	1	1	all-one-time
970031407	1	1	all-one-time
970031408	1	1	all-one-time
970031409	1	1	all-one-time
970031410	1	1	all-one-time
970031411	1	1	all-one-time
970031500	1	1	all-one-time
970031501	1	1	all-one-time
970031502	1	1	all-one-time
970031503	1	1	all-one-time
970031504	1	1	all-one-time
970031505	1	1	all-one-time
970031506	1	1	all-one-time
970031507	1	1	all-one-time
970031508	1	1	all-one-time
970031509	1	1	all-one-time
970031510	1	1	all-one-time
970031511	1	1	all-one-time
970031600	1	1	all-one-time
970031601	1	1	all-one-time
970031602	1	1	all-one-time
970031603	1	1	all-one-time
970031604	1	1	all-one-time
970031605	1	1	all-one-time
970031606	1	1	all-one-time
970031607	1	1	all-one-time
970031608	1	1	all-one-time
970031609	1	1	all-one-time
970031610	1	1	all-one-time
970031611	1	1	all-one-time
970031700	1	1	all-one-time
970031701	1	1	all-one-time
970031702	1	1	all-one-time
970031703	1	1	all-one-time
970031704	1	1	all-one-time
970031705	1	1	all-one-time
970031706	1	1	all-one-time
970031707	1	1	all-one-time
970031708	1	1	all-one-time
970031709	1	1	all-one-time
970031710	1	1	all-one-time
970031711	1	1	all-one-time
970031800	1	1	all-one-time
970031801	1	1	all-one-time
970031802	1	1	all-one-time
970031803	1	1	all-one-time
970031804	1	1	all-one-time
970031805	1	1	all-one-time
970031806	1	1	all-one-time
970031807	1	1	all-one-time
970031808	1	1	all-one-time
970031809	1	1	all-one-time
970031810	1	1	all-one-time
970031811	1	1	all-one-time
970031900	1	1	all-one-time
970031901	1	1	all-one-time
970031902	1	1	all-one-time
970031903	1	1	all-one-time
970031904	1	1	all-one-time
970031905	1	1	all-one-time
970031906	1	1	all-one-time
970031907	1	1	all-one-time
970031908	1	1	all-one-time
970031909	1	1	all-one-time
970031910	1	1	all-one-time
970031911	1	1	all-one-time
970032000	1	1	all-one-time
970032001	1	1	all-one-time
970032002	1	1	all-one-time
970032003	1	1	all-one-time
970032004	1	1	all-one-time
970032005	1	1	all-one-time
970032006	1	1	all-one-time
970032007	1	1	all-one-time
970032008	1	1	all-one-time
970032009	1	1	all-one-time
970032010	1	1	all-one-time
970032011	1	1	all-one-time
970032100	1	1	all-one-time
970032101	1	1	all-one-time
970032102	1	1	all-one-time
970032103	1	1	all-one-time
970032104	1	1	all-one-time
970032105	1	1	all-one-time
970032106	1	1	all-one-time
970032107	1	1	all-one-time
970032108	1	1	all-one-time
970032109	1	1	all-one-time
970032110	1	1	all-one-time
970032111	1	1	all-one-time
970032200	1	1	all-one-time
970032201	1	1	all-one-time
970032202	1	1	all-one-time
970032203	1	1	all-one-time
970032204	1	1	all-one-time
970032205	1	1	all-one-time
970032206	1	1	all-one-time
970032207	1	1	all-one-time
970032208	1	1	all-one-time
970032209	1	1	all-one-time
970032210	1	1	all-one-time
970032211	1	1	all-one-time
970032300	1	1	all-one-time
970032301	1	1	all-one-time
970032302	1	1	all-one-time
970032303	1	1	all-one-time
970032304	1	1	all-one-time
970032305	1	1	all-one-time
970032306	1	1	all-one-time
970032307	1	1	all-one-time
970032308	1	1	all-one-time
970032309	1	1	all-one-time
970032310	1	1	all-one-time
970032311	1	1	all-one-time
970032400	1	1	all-one-time
970032401	1	1	all-one-time
970032402	1	1	all-one-time
970032403	1	1	all-one-time
970032404	1	1	all-one-time
970032405	1	1	all-one-time
970032406	1	1	all-one-time
970032407	1	1	all-one-time
970032408	1	1	all-one-time
970032409	1	1	all-one-time
970032410	1	1	all-one-time
970032411	1	1	all-one-time
970032500	1	1	all-one-time
970032501	1	1	all-one-time
970032502	1	1	all-one-time
970032503	1	1	all-one-time
970032504	1	1	all-one-time
970032505	1	1	all-one-time
970032506	1	1	all-one-time
970032507	1	1	all-one-time
970032508	1	1	all-one-time
970032509	1	1	all-one-time
970032510	1	1	all-one-time
970032511	1	1	all-one-time
970032600	1	1	all-one-time
970032601	1	1	all-one-time
970032602	1	1	all-one-time
970032603	1	1	all-one-time
970032604	1	1	all-one-time
970032605	1	1	all-one-time
970032606	1	1	all-one-time
970032607	1	1	all-one-time
970032608	1	1	all-one-time
970032609	1	1	all-one-time
970032610	1	1	all-one-time
970032611	1	1	all-one-time
970032700	1	1	all-one-time
970032701	1	1	all-one-time
970032702	1	1	all-one-time
970032703	1	1	all-one-time
970032704	1	1	all-one-time
970032705	1	1	all-one-time
970032706	1	1	all-one-time
970032707	1	1	all-one-time
970032708	1	1	all-one-time
970032709	1	1	all-one-time
970032710	1	1	all-one-time
970032711	1	1	all-one-time
970040100	1	1	all-one-time
970040101	1	1	all-one-time
970040102	1	1	all-one-time
970040103	1	1	all-one-time
970040104	1	1	all-one-time
970040105	1	1	all-one-time
970040106	1	1	all-one-time
970040107	1	1	all-one-time
970040108	1	1	all-one-time
970040109	1	1	all-one-time
970040110	1	1	all-one-time
970040111	1	1	all-one-time
970040112	1	1	all-one-time
970040113	1	1	all-one-time
970040114	1	1	all-one-time
970040115	1	1	all-one-time
970040116	1	1	all-one-time
970040117	1	1	all-one-time
970040200	1	1	all-one-time
970040201	1	1	all-one-time
970040202	1	1	all-one-time
970040203	1	1	all-one-time
970040204	1	1	all-one-time
970040205	1	1	all-one-time
970040206	1	1	all-one-time
970040207	1	1	all-one-time
970040208	1	1	all-one-time
970040209	1	1	all-one-time
970040210	1	1	all-one-time
970040211	1	1	all-one-time
970040212	1	1	all-one-time
970040213	1	1	all-one-time
970040214	1	1	all-one-time
970040215	1	1	all-one-time
970040216	1	1	all-one-time
970040217	1	1	all-one-time
970040300	1	1	all-one-time
970040301	1	1	all-one-time
970040302	1	1	all-one-time
970040303	1	1	all-one-time
970040304	1	1	all-one-time
970040305	1	1	all-one-time
970040306	1	1	all-one-time
970040307	1	1	all-one-time
970040308	1	1	all-one-time
970040309	1	1	all-one-time
970040310	1	1	all-one-time
970040311	1	1	all-one-time
970040312	1	1	all-one-time
970040313	1	1	all-one-time
970040314	1	1	all-one-time
970040315	1	1	all-one-time
970040316	1	1	all-one-time
970040317	1	1	all-one-time
970040400	1	1	all-one-time
970040401	1	1	all-one-time
970040402	1	1	all-one-time
970040403	1	1	all-one-time
970040404	1	1	all-one-time
970040405	1	1	all-one-time
970040406	1	1	all-one-time
970040407	1	1	all-one-time
970040408	1	1	all-one-time
970040409	1	1	all-one-time
970040410	1	1	all-one-time
970040411	1	1	all-one-time
970040412	1	1	all-one-time
970040413	1	1	all-one-time
970040414	1	1	all-one-time
970040415	1	1	all-one-time
970040416	1	1	all-one-time
970040417	1	1	all-one-time
970040500	1	1	all-one-time
970040501	1	1	all-one-time
970040502	1	1	all-one-time
970040503	1	1	all-one-time
970040504	1	1	all-one-time
970040505	1	1	all-one-time
970040506	1	1	all-one-time
970040507	1	1	all-one-time
970040508	1	1	all-one-time
970040509	1	1	all-one-time
970040510	1	1	all-one-time
970040511	1	1	all-one-time
970040512	1	1	all-one-time
970040513	1	1	all-one-time
970040514	1	1	all-one-time
970040515	1	1	all-one-time
970040516	1	1	all-one-time
970040517	1	1	all-one-time
970040600	1	1	all-one-time
970040601	1	1	all-one-time
970040602	1	1	all-one-time
970040603	1	1	all-one-time
970040604	1	1	all-one-time
970040605	1	1	all-one-time
970040606	1	1	all-one-time
970040607	1	1	all-one-time
970040608	1	1	all-one-time
970040609	1	1	all-one-time
970040610	1	1	all-one-time
970040611	1	1	all-one-time
970040612	1	1	all-one-time
970040613	1	1	all-one-time
970040614	1	1	all-one-time
970040615	1	1	all-one-time
970040616	1	1	all-one-time
970040617	1	1	all-one-time
970040700	1	1	all-one-time
970040701	1	1	all-one-time
970040702	1	1	all-one-time
970040703	1	1	all-one-time
970040704	1	1	all-one-time
970040705	1	1	all-one-time
970040706	1	1	all-one-time
970040707	1	1	all-one-time
970040708	1	1	all-one-time
970040709	1	1	all-one-time
970040710	1	1	all-one-time
970040711	1	1	all-one-time
970040712	1	1	all-one-time
970040713	1	1	all-one-time
970040714	1	1	all-one-time
970040715	1	1	all-one-time
970040716	1	1	all-one-time
970040717	1	1	all-one-time
970040800	1	1	all-one-time
970040801	1	1	all-one-time
970040802	1	1	all-one-time
970040803	1	1	all-one-time
970040804	1	1	all-one-time
970040805	1	1	all-one-time
970040806	1	1	all-one-time
970040807	1	1	all-one-time
970040808	1	1	all-one-time
970040809	1	1	all-one-time
970040810	1	1	all-one-time
970040811	1	1	all-one-time
970040812	1	1	all-one-time
970040813	1	1	all-one-time
970040814	1	1	all-one-time
970040815	1	1	all-one-time
970040816	1	1	all-one-time
970040817	1	1	all-one-time
970040900	1	1	all-one-time
970040901	1	1	all-one-time
970040902	1	1	all-one-time
970040903	1	1	all-one-time
970040904	1	1	all-one-time
970040905	1	1	all-one-time
970040906	1	1	all-one-time
970040907	1	1	all-one-time
970040908	1	1	all-one-time
970040909	1	1	all-one-time
970040910	1	1	all-one-time
970040911	1	1	all-one-time
970040912	1	1	all-one-time
970040913	1	1	all-one-time
970040914	1	1	all-one-time
970040915	1	1	all-one-time
970040916	1	1	all-one-time
970040917	1	1	all-one-time
970041000	1	1	all-one-time
970041001	1	1	all-one-time
970041002	1	1	all-one-time
970041003	1	1	all-one-time
970041004	1	1	all-one-time
970041005	1	1	all-one-time
970041006	1	1	all-one-time
970041007	1	1	all-one-time
970041008	1	1	all-one-time
970041009	1	1	all-one-time
970041010	1	1	all-one-time
970041011	1	1	all-one-time
970041012	1	1	all-one-time
970041013	1	1	all-one-time
970041014	1	1	all-one-time
970041015	1	1	all-one-time
970041016	1	1	all-one-time
970041017	1	1	all-one-time
970041100	1	1	all-one-time
970041101	1	1	all-one-time
970041102	1	1	all-one-time
970041103	1	1	all-one-time
970041104	1	1	all-one-time
970041105	1	1	all-one-time
970041106	1	1	all-one-time
970041107	1	1	all-one-time
970041108	1	1	all-one-time
970041109	1	1	all-one-time
970041110	1	1	all-one-time
970041111	1	1	all-one-time
970041112	1	1	all-one-time
970041113	1	1	all-one-time
970041114	1	1	all-one-time
970041115	1	1	all-one-time
970041116	1	1	all-one-time
970041117	1	1	all-one-time
970041200	1	1	all-one-time
970041201	1	1	all-one-time
970041202	1	1	all-one-time
970041203	1	1	all-one-time
970041204	1	1	all-one-time
970041205	1	1	all-one-time
970041206	1	1	all-one-time
970041207	1	1	all-one-time
970041208	1	1	all-one-time
970041209	1	1	all-one-time
970041210	1	1	all-one-time
970041211	1	1	all-one-time
970041212	1	1	all-one-time
970041213	1	1	all-one-time
970041214	1	1	all-one-time
970041215	1	1	all-one-time
970041216	1	1	all-one-time
970041217	1	1	all-one-time
970041300	1	1	all-one-time
970041301	1	1	all-one-time
970041302	1	1	all-one-time
970041303	1	1	all-one-time
970041304	1	1	all-one-time
970041305	1	1	all-one-time
970041306	1	1	all-one-time
970041307	1	1	all-one-time
970041308	1	1	all-one-time
970041309	1	1	all-one-time
970041310	1	1	all-one-time
970041311	1	1	all-one-time
970041312	1	1	all-one-time
970041313	1	1	all-one-time
970041314	1	1	all-one-time
970041315	1	1	all-one-time
970041316	1	1	all-one-time
970041317	1	1	all-one-time
970041400	1	1	all-one-time
970041401	1	1	all-one-time
970041402	1	1	all-one-time
970041403	1	1	all-one-time
970041404	1	1	all-one-time
970041405	1	1	all-one-time
970041406	1	1	all-one-time
970041407	1	1	all-one-time
970041408	1	1	all-one-time
970041409	1	1	all-one-time
970041410	1	1	all-one-time
970041411	1	1	all-one-time
970041412	1	1	all-one-time
970041413	1	1	all-one-time
970041414	1	1	all-one-time
970041415	1	1	all-one-time
970041416	1	1	all-one-time
970041417	1	1	all-one-time
970041500	1	1	all-one-time
970041501	1	1	all-one-time
970041502	1	1	all-one-time
970041503	1	1	all-one-time
970041504	1	1	all-one-time
970041505	1	1	all-one-time
970041506	1	1	all-one-time
970041507	1	1	all-one-time
970041508	1	1	all-one-time
970041509	1	1	all-one-time
970041510	1	1	all-one-time
970041511	1	1	all-one-time
970041512	1	1	all-one-time
970041513	1	1	all-one-time
970041514	1	1	all-one-time
970041515	1	1	all-one-time
970041516	1	1	all-one-time
970041517	1	1	all-one-time
970041600	1	1	all-one-time
970041601	1	1	all-one-time
970041602	1	1	all-one-time
970041603	1	1	all-one-time
970041604	1	1	all-one-time
970041605	1	1	all-one-time
970041606	1	1	all-one-time
970041607	1	1	all-one-time
970041608	1	1	all-one-time
970041609	1	1	all-one-time
970041610	1	1	all-one-time
970041611	1	1	all-one-time
970041612	1	1	all-one-time
970041613	1	1	all-one-time
970041614	1	1	all-one-time
970041615	1	1	all-one-time
970041616	1	1	all-one-time
970041617	1	1	all-one-time
970041700	1	1	all-one-time
970041701	1	1	all-one-time
970041702	1	1	all-one-time
970041703	1	1	all-one-time
970041704	1	1	all-one-time
970041705	1	1	all-one-time
970041706	1	1	all-one-time
970041707	1	1	all-one-time
970041708	1	1	all-one-time
970041709	1	1	all-one-time
970041710	1	1	all-one-time
970041711	1	1	all-one-time
970041712	1	1	all-one-time
970041713	1	1	all-one-time
970041714	1	1	all-one-time
970041715	1	1	all-one-time
970041716	1	1	all-one-time
970041717	1	1	all-one-time
970041800	1	1	all-one-time
970041801	1	1	all-one-time
970041802	1	1	all-one-time
970041803	1	1	all-one-time
970041804	1	1	all-one-time
970041805	1	1	all-one-time
970041806	1	1	all-one-time
970041807	1	1	all-one-time
970041808	1	1	all-one-time
970041809	1	1	all-one-time
970041810	1	1	all-one-time
970041811	1	1	all-one-time
970041812	1	1	all-one-time
970041813	1	1	all-one-time
970041814	1	1	all-one-time
970041815	1	1	all-one-time
970041816	1	1	all-one-time
970041817	1	1	all-one-time
970041900	1	1	all-one-time
970041901	1	1	all-one-time
970041902	1	1	all-one-time
970041903	1	1	all-one-time
970041904	1	1	all-one-time
970041905	1	1	all-one-time
970041906	1	1	all-one-time
970041907	1	1	all-one-time
970041908	1	1	all-one-time
970041909	1	1	all-one-time
970041910	1	1	all-one-time
970041911	1	1	all-one-time
970041912	1	1	all-one-time
970041913	1	1	all-one-time
970041914	1	1	all-one-time
970041915	1	1	all-one-time
970041916	1	1	all-one-time
970041917	1	1	all-one-time
970042000	1	1	all-one-time
970042001	1	1	all-one-time
970042002	1	1	all-one-time
970042003	1	1	all-one-time
970042004	1	1	all-one-time
970042005	1	1	all-one-time
970042006	1	1	all-one-time
970042007	1	1	all-one-time
970042008	1	1	all-one-time
970042009	1	1	all-one-time
970042010	1	1	all-one-time
970042011	1	1	all-one-time
970042012	1	1	all-one-time
970042013	1	1	all-one-time
970042014	1	1	all-one-time
970042015	1	1	all-one-time
970042016	1	1	all-one-time
970042017	1	1	all-one-time
970042100	1	1	all-one-time
970042101	1	1	all-one-time
970042102	1	1	all-one-time
970042103	1	1	all-one-time
970042104	1	1	all-one-time
970042105	1	1	all-one-time
970042106	1	1	all-one-time
970042107	1	1	all-one-time
970042108	1	1	all-one-time
970042109	1	1	all-one-time
970042110	1	1	all-one-time
970042111	1	1	all-one-time
970042112	1	1	all-one-time
970042113	1	1	all-one-time
970042114	1	1	all-one-time
970042115	1	1	all-one-time
970042116	1	1	all-one-time
970042117	1	1	all-one-time
970042200	1	1	all-one-time
970042201	1	1	all-one-time
970042202	1	1	all-one-time
970042203	1	1	all-one-time
970042204	1	1	all-one-time
970042205	1	1	all-one-time
970042206	1	1	all-one-time
970042207	1	1	all-one-time
970042208	1	1	all-one-time
970042209	1	1	all-one-time
970042210	1	1	all-one-time
970042211	1	1	all-one-time
970042212	1	1	all-one-time
970042213	1	1	all-one-time
970042214	1	1	all-one-time
970042215	1	1	all-one-time
970042216	1	1	all-one-time
970042217	1	1	all-one-time
970042300	1	1	all-one-time
970042301	1	1	all-one-time
970042302	1	1	all-one-time
970042303	1	1	all-one-time
970042304	1	1	all-one-time
970042305	1	1	all-one-time
970042306	1	1	all-one-time
970042307	1	1	all-one-time
970042308	1	1	all-one-time
970042309	1	1	all-one-time
970042310	1	1	all-one-time
970042311	1	1	all-one-time
970042312	1	1	all-one-time
970042313	1	1	all-one-time
970042314	1	1	all-one-time
970042315	1	1	all-one-time
970042316	1	1	all-one-time
970042317	1	1	all-one-time
970042400	1	1	all-one-time
970042401	1	1	all-one-time
970042402	1	1	all-one-time
970042403	1	1	all-one-time
970042404	1	1	all-one-time
970042405	1	1	all-one-time
970042406	1	1	all-one-time
970042407	1	1	all-one-time
970042408	1	1	all-one-time
970042409	1	1	all-one-time
970042410	1	1	all-one-time
970042411	1	1	all-one-time
970042412	1	1	all-one-time
970042413	1	1	all-one-time
970042414	1	1	all-one-time
970042415	1	1	all-one-time
970042416	1	1	all-one-time
970042417	1	1	all-one-time
970042500	1	1	all-one-time
970042501	1	1	all-one-time
970042502	1	1	all-one-time
970042503	1	1	all-one-time
970042504	1	1	all-one-time
970042505	1	1	all-one-time
970042506	1	1	all-one-time
970042507	1	1	all-one-time
970042508	1	1	all-one-time
970042509	1	1	all-one-time
970042510	1	1	all-one-time
970042511	1	1	all-one-time
970042512	1	1	all-one-time
970042513	1	1	all-one-time
970042514	1	1	all-one-time
970042515	1	1	all-one-time
970042516	1	1	all-one-time
970042517	1	1	all-one-time
970042600	1	1	all-one-time
970042601	1	1	all-one-time
970042602	1	1	all-one-time
970042603	1	1	all-one-time
970042604	1	1	all-one-time
970042605	1	1	all-one-time
970042606	1	1	all-one-time
970042607	1	1	all-one-time
970042608	1	1	all-one-time
970042609	1	1	all-one-time
970042610	1	1	all-one-time
970042611	1	1	all-one-time
970042612	1	1	all-one-time
970042613	1	1	all-one-time
970042614	1	1	all-one-time
970042615	1	1	all-one-time
970042616	1	1	all-one-time
970042617	1	1	all-one-time
970042700	1	1	all-one-time
970042701	1	1	all-one-time
970042702	1	1	all-one-time
970042703	1	1	all-one-time
970042704	1	1	all-one-time
970042705	1	1	all-one-time
970042706	1	1	all-one-time
970042707	1	1	all-one-time
970042708	1	1	all-one-time
970042709	1	1	all-one-time
970042710	1	1	all-one-time
970042711	1	1	all-one-time
970042712	1	1	all-one-time
970042713	1	1	all-one-time
970042714	1	1	all-one-time
970042715	1	1	all-one-time
970042716	1	1	all-one-time
970042717	1	1	all-one-time
990000420	15	15	all-one-time
990000430	19	19	all-one-time
990000500	8	8	all-one-time
990000610	9	9	all-one-time
990000630	1	1	all-one-time
990000640	20	20	all-one-time
